name,artist,id,popularity,release_date
I'LL BE WITH YOU,Zack Tabudlo,1CMQT0gCXoS2qCMyT95VMl,21,2023-08-11
Sahiba,Aditya Rikhari,0eLtIxPRNJfsmehITZ1qaJ,88,2023-12-19
Haegeum,Agust D,4bjN59DRXFRxBE1g5ne6B1,86,2023-04-21
Khayaal,Talwiinder,4D8eFUu6Hvulrq6CGqGaLR,76,2023-03-16
52 Bars,Karan Aujla,6rFckZb1cuJYzsZiGHgqks,73,2023-02-04
"One Of The Girls (with JENNIE, Lily Rose Depp)",The Weeknd,7CyPwkp0oE8Ro9Dd5CUDjW,91,2023-06-23
Husn,Anuv Jain,0TL0LFcwIBF5eX7arDIKxY,78,2023-12-01
"Chaleya (From ""Jawan"")",Anirudh Ravichander,4nc6XiUze2Yh7wFueGOPv7,70,2023-08-14
With You,AP Dhillon,0xIuPDzJSnJywALez8dwKR,72,2023-08-11
"Ve Kamleya (From ""Rocky Aur Rani Kii Prem Kahaani"")",Pritam,6EivvaEepVTjmDde43eGiB,71,2023-07-18
"O Maahi (From ""Dunki"")",Pritam,0qQ4IdhjzNr0gJhdMTf2n3,71,2023-12-11
Nee Singam Dhan,A.R. Rahman,0vua5LbAth2HzKqpbnVRZk,70,2023-03-18
One Love,Shubh,5ZLkihi6DVsHwDL3B8ym1t,77,2023-08-18
Teri Yaad,Aditya Rikhari,3uUAbrwsttRpv2kfAvAUN9,70,2023-02-07
Heeriye (feat. Arijit Singh),Jasleen Royal,5PUXKVVVQ74C3gl5vKy9Li,74,2023-07-25
California Love,Cheema Y,610keNiNVTIkYD0CqeSerg,73,2023-01-30
Pehle Bhi Main,Vishal Mishra,7yDHHVKLbvDmVw1XXhDDIO,73,2023-11-24
Softly,Karan Aujla,0YQJoDL6f46J0n1rOVkpxJ,76,2023-08-18
Tere Pyaar Mein,Pritam,2ZD4aIEepqZsdxPxLSuUhm,70,2023-02-01
Cheques,Shubh,4eBvRhTJ2AcxCsbfTUjoRp,76,2023-05-19
"Satranga (From ""ANIMAL"")",Arijit Singh,3yHyiUDJdz02FZ6jfUbsmY,77,2023-10-27
"Janiye (from the Netflix Film ""Chor Nikal Ke Bhaga"")",Vishal Mishra,0645eBDehHcqfiF15hscQV,74,2023-03-17
Ek Khtola Jail Ke Bhitar,Masoom Sharma,498N5tXDvgIuJOa7qTfglg,70,2023-05-20
Zaalima,Arijit Singh,4MU4Kfkd9EnkArK2ocQyqK,74,2023-05-26
Main Rang Sharbaton Ka,Atif Aslam,2IEhtVeM9TVql8fZdKdlo9,71,2023-04-20
Admirin' You (feat. Preston Pablo),Karan Aujla,6ygiy70ujkNOYXM1tQuMNe,74,2023-08-18
Shok Albadi,Masoom Sharma,1oO9rUyHv1OalPZ8as0u5S,0,2023-07-26
Do the Evolution,Pearl Jam,0NebFP4wBJ4H3VDT5d7RAG,15,2023-02-24
on the street (with J. Cole),j-hope,6BxXT322WUHrd6fGupaLLM,17,2023-03-03
Hola Amigo,KR$NA,19pHSvXUwErAXFktkvYMk9,68,2023-08-29
True Stories,AP Dhillon,28lvraTNIN8qiTpoIK7m8Z,65,2023-06-16
FE!N (feat. Playboi Carti),Travis Scott,42VsgItocQwOQC3XWZ8JNA,83,2023-07-28
Dior,Shubh,53QrRlALFJfZgdcGLKwy5s,65,2023-05-19
Take It Easy,Karan Aujla,5si4xdFplkXAydKfFe1xXa,68,2023-02-04
Unakkul Naane,Harris Jayaraj,4Bsf8Pzli5MQv9zLF9KXqc,69,2023-05-03
Popular (with Playboi Carti & Madonna) - From The Idol Vol. 1 (Music from the HBO Original Series),The Weeknd,6WzRpISELf3YglGAh7TXcG,82,2023-06-02
Rajaji Ke Dilwa,Pawan Singh,0mNiObA53IxLD6LqvWw1CN,68,2023-04-29
Ek Raat,Vilen,5trLYW0GIV2xESg4lbJrhY,64,2023-04-14
Bajrang Baan-Lofi,Rasraj Ji Maharaj,3xgA3KSsd8mt3UjQxNtQy3,69,2023-01-05
Dard,Kushagra,6bXrlIITUgU0qnmmTnzrXW,67,2023-10-10
Hass Hass,Diljit Dosanjh,72vuBPMhwFNlSYpTSf6fVD,67,2023-10-26
Bachke Bachke (feat. Yarah),Karan Aujla,2uWZ7EGddFlA1DJ3Rzzvs2,68,2023-08-18
"Tera Mera Hai Pyar (From ""Ishq Murshid"")",Ahmed Jahanzeb,7n3BVENCi9odYvNeFwcmCv,66,2023-11-16
Still Rollin,Shubh,6oz1L5jcqZWYuId7nxvIan,69,2023-05-19
Say Yes To Heaven,Lana Del Rey,6GGtHZgBycCgGBUhZo81xe,84,2023-05-19
"Pyaar Hota Kayi Baar Hai (From ""Tu Jhoothi Main Makkaar"")",Pritam,2vPrBucKCfKmafHhSfJ2pt,68,2023-02-10
Jee Ni Lagda,Karan Aujla,1Er6TEtbyuW1b9QtBVkggD,70,2023-08-18
Lalkara,Diljit Dosanjh,2oenSXLDbWVaaL7QjSGYj5,69,2023-09-29
9:45,Prabh Singh,6c4Po8zyQjB4cR5XgLhcGb,70,2023-03-10
Up To U,Dhanda Nyoliwala,5pkOSmSeVo8RfC8555LRHT,68,2023-05-06
Dil Jhoom,Mithoon,11qnwt18ZckPqchzK2I3U7,68,2023-08-05
Kinni Kinni,Diljit Dosanjh,3F3ZuXYFXGM1V6pk3b3zmi,70,2023-09-29
Tere Liye,Atif Aslam,0xlWd9o8yjKpJ02WJy79kZ,67,2023-04-20
Nazm Nazm,Arko,1tCduDqB3J8r90FAxprLzO,68,2023-07-07
METAL KINGDOM,BABYMETAL,4m91T8mYakUXkHtlWJKcag,10,2023-02-06
Tokyo Calling,ATARASHII GAKKO!,2cLPkXh6Gu3Wr1eww5qHAB,7,2023-10-22
Animals in the Ocean,Blippi,7B9sfyPYIUP21lPReDlrJG,23,2023-09-01
poster boy,2hollis,0Gz4Q1Bmyef5yA0G6LIIQZ,83,2023-05-11
Tajdar-E-Haram - Coke Studio Season 8,Atif Aslam,7HfZxrh8AQ9p1JQJh1EJcZ,61,2023-12-15
Sprinter,Dave,2FDTHlrBguDzQkp7PVj16Q,81,2023-06-01
MY EYES,Travis Scott,4kjI1gwQZRKNDkw1nI475M,80,2023-07-28
Water,Tyla,5aIVCx5tnk0ntmdiinnYvw,82,2023-07-28
Standing Next to You,Jung Kook,2KslE17cAJNHTsI2MI0jb2,82,2023-11-03
8 ASLE,Sukha,6wkHR8cU4INbp145hngbQO,65,2023-11-17
Here With Me,d4vd,0NLm9bQG7ikL5k9x9TtYT7,84,2023-05-26
From The Start,Laufey,43iIQbw5hx986dUEZbr3eN,86,2023-09-08
Beanie,Chezile,5e0b9LgOfi3aJSKXFcOWRe,84,2023-11-28
My Love Mine All Mine,Mitski,3vkCueOmm7xQDoJ17W1Pm3,86,2023-09-15
No Pole,Don Toliver,0eaVIYo2zeOaGJeqZ5TwYz,87,2023-02-28
Seven (feat. Latto) (Explicit Ver.),Jung Kook,2HRgqmZQC0MC7GeNuDIXHN,83,2023-11-03
Like Crazy,Jimin,3Ua0m0YmEjrMi9XErKcNiR,74,2023-03-24
greedy,Tate McRae,3rUGC1vUpkDG9CZFHMur1t,87,2023-09-15
"Ennile Punchiri (From ""Phoenix"")",Sam C.S.,30NOoFVrVgeqa6otE18Kza,61,2023-10-27
"Kalapakkaara (From ""King of Kotha"")",Jakes Bejoy,554RItg5afQv3ODGQMT29x,61,2023-07-28
Long time no see,Taimour Baig,6V4N3h4HYD1Ask9cUTxjjg,64,2023-07-16
Kamlee,SARRB,3W81Nm3KNOYUPaDHrwMzWz,64,2023-05-25
BRODYAGA FUNK,Eternxlkz,2V3hsJU3bTOATih0Fm4aDp,70,2023-11-17
Champion's Anthem,Karan Aujla,3Hm8hD195kNn3FujGljVEW,65,2023-08-18
Malabari Banger,M.H.R,0aXnTU90v6G1QVlimy0Kw8,60,2023-09-02
NIGHTS LIKE THIS,The Kid LAROI,1XBYiRV30ykHw5f4wm6qEn,86,2023-11-10
Baazi,Supreme Sidhu,2fizH4JKFkQcSGS23aGuqP,62,2023-05-11
Those Eyes,New West,2psRActEWsTlYYd7EDoyVR,82,2023-10-20
Feel You Now - It's About Time,OAFF,5DBmCpJs74WlOEjVvVRkKB,0,2023-03-14
I KNOW ?,Travis Scott,6wsqVwoiVH2kde4k4KKAFU,80,2023-07-28
"What Was I Made For? [From The Motion Picture ""Barbie""]",Billie Eilish,6wf7Yu7cxBSPrRlWeSeK0Q,84,2023-07-13
Margaret (feat. Bleachers),Lana Del Rey,1o82DwNisONAd2mu1RcGE6,80,2023-03-24
Please Don't Change (feat. DJ Snake),Jung Kook,0k0GtcnyQLMiXrdEDbLXmJ,72,2023-11-03
Bite Me,ENHYPEN,7mpdNiaQvygj2rHoxkzMfa,79,2023-05-22
"Am I Dreaming (Metro Boomin & A$AP Rocky, Roisee)",Metro Boomin,6Ec5LeRzkisa5KJtwLfOoW,76,2023-06-02
3D (feat. Jack Harlow),Jung Kook,6xGr4tVzpTX99p9Cf0hRRL,75,2023-11-03
Yes or No,Jung Kook,2gkVEnpahpE3bQuvGuCpAV,76,2023-11-03
You & Me,JENNIE,6xXCn7H2Yl8SDD6jxo5SpN,68,2023-10-06
The Machine,Reed Wonder,19ItuvrZfTudwC6S5lkDH3,74,2023-03-17
vampire,Olivia Rodrigo,1kuGVB7EU95pJObxwvfwKS,84,2023-09-08
The Lost Soul Down X Lost Soul,NBSPLV,0kbBU3ey5IkKwPvDHXJOry,73,2023-08-18
FLOWER,JISOO,0bC7GKnxh9W9JIvJ6HVWxc,69,2023-03-31
Flowers,Miley Cyrus,7DSAEUvxU8FajXtRloy8M0,84,2023-08-18
older,Isabel LaRosa,75c2zaSdDBSX0A8Jyvm4fO,77,2023-09-15
Montagem Mysterious Game,LXNGVX,7vOmSP2647oNUGGEhWd1cr,72,2023-12-01
eyes don't lie,Isabel LaRosa,2GWCZJWundoYi5IloWIgTX,76,2023-07-07
Seven (feat. Latto) (Clean Ver.),Jung Kook,7Hcj0duTWiCSYDtJaztNIt,75,2023-11-03
Qurban (Original TV Series Soundtrack),Masroor Ali Khan,4QFaJmsvd1zdD4mRJcUiY5,56,2023-10-12
Seven (feat. Latto),Jung Kook,7x9aauaA9cu6tyfpHnqDLo,77,2023-07-14
"Sex, Drugs, Etc.",Beach Weather,7MlDNspYwfqnHxORufupwq,80,2023-03-03
Olam Up,Dabzee,2yPDnB8m1OkrAGOc97APZW,57,2023-10-24
Sunroof,Nicky Youre,5YqEzk3C5c3UZ1D5fJUlXA,80,2023-06-09
Escapism.,RAYE,5mHdCZtVyb4DcJw8799hZp,82,2023-02-03
3D (feat. Jack Harlow),Jung Kook,01qFKNWq73UfEslI0GvumE,76,2023-10-02
Dernière danse - Studio Session,Kyo,0FOeL9b1HZPGhZ3CLPyeyL,6,2023-06-23
Real Connections Vol. 3,TAFF,573zyX6EwDppBec7QovbeN,3,2023-03-05
Snowman Song (Official Music Video),Peppa Pig,6kedB71pirmZfaDJYSA2Hu,13,2023-11-14
I Smoked Away My Brain (I'm God x Demons Mashup) (feat. Imogen Heap & Clams Casino),A$AP Rocky,3ZaEs1O8BG581qYPHpQ8d6,84,2023-08-18
Stephanie,Nafeesisboujee,5rc7178sa2YRDlBFBHY0e8,80,2023-09-15
fukumean,Gunna,4rXLjWdF2ZZpXCVTfWcshS,78,2023-06-16
Always,Daniel Caesar,2LlOeW5rVcvl3QcPNPcDus,83,2023-04-07
Hate You,Jung Kook,5ONOlTiqymhzwcFjqcIT6E,73,2023-11-03
Glue Song,beabadoobee,3iBgrkexCzVuPy4O9vx7Mf,80,2023-02-14
Tattoo,Loreen,1DmW5Ep6ywYwxc2HMT5BG6,80,2023-02-25
exes,Tate McRae,4E63weMCaNZuGPEFMnuEi8,83,2023-12-08
Feather,Sabrina Carpenter,2Zo1PcszsT9WQ0ANntJbID,81,2023-03-17
Super Shy,NewJeans,5sdQOyqq2IDhvmx2lHOpwd,78,2023-07-07
ecstacy (slowed),SUICIDAL-IDOL,1JgknGBbrfmEHeOZH051SS,75,2023-06-06
Love Me Again,V,2N0SPREDYqILVEFSsWF5N5,72,2023-08-11
Private Landing (feat. Justin Bieber & Future),Don Toliver,52NGJPcLUzQq5w7uv4e5gf,77,2023-02-24
Slow Dancing,V,5h1BN75CEh8wdSwE1xrbSe,75,2023-09-08
Pardes Katenda,Adnan Dhool,4lY4FbtlzES5MrBnwCGlyn,56,2023-06-16
Bewajah - Coke Studio Season 8,Nabeel Shaukat Ali,04J4SELey0LIRh0ckQunWV,57,2023-12-22
"Better Off (Alone, Pt. III)",Alan Walker,0SML6wWerD0yI2Xd4OUC1R,75,2023-11-10
Камин,EMIN,5KMQGErDASymjKq0LDa0MN,72,2023-12-08
Somebody,Jung Kook,5KfJvZ0PZzRdwFRaTUDAA7,72,2023-11-03
Closer to You (feat. Major Lazer),Jung Kook,06Qo2fYR2KS1F7bL338iVT,71,2023-11-03
Moonlight,Kali Uchis,0JmnkIqdlnUzPaf8sqBRs3,79,2023-03-03
Dance The Night - From Barbie The Album,Dua Lipa,1vYXt7VSjH9JIM5oRRo7vA,81,2023-05-25
Agora Hills,Doja Cat,5PyDJG7SQRgWXefgexqIge,77,2023-09-20
Calm Down (with Selena Gomez),Rema,1s7oOCT8vauUh01PbJD6ps,74,2023-04-27
Lose Control,Teddy Swims,17phhZDn6oGtzMe56NuWvj,89,2023-09-15
Ella Baila Sola,Kidz Bop Kids,3scqgDFKW8Ik8b94dnBYa7,0,2023-08-30
TELEKINESIS (feat. SZA & Future),Travis Scott,1i9lZvlaDdWDPyXEE95aiq,76,2023-07-28
Superpowers,Daniel Caesar,736PP5LTtREkDgktNmX3Gu,85,2023-04-07
TIL FURTHER NOTICE (feat. James Blake & 21 Savage),Travis Scott,76gcXhY3Zv6wW0BTe9nHJo,75,2023-07-28
Angel Numbers / Ten Toes,Chris Brown,3XqM8hLCEYlbnFjoWwqtFv,77,2023-11-10
Pink Pony Club,Chappell Roan,1k2pQc5i348DCHwbn5KTdc,84,2023-09-22
OMG,NewJeans,65FftemJ1DbbZ45DUfHJXE,78,2023-01-02
Shot Glass of Tears,Jung Kook,7AbqgE05nFl9qY4FRUiq2p,70,2023-11-03
Too Sad to Dance,Jung Kook,3bNNvJA7hsGw0wSpGkfOBm,70,2023-11-03
"Praise (feat. Brandon Lake, Chris Brown & Chandler Moore)",Elevation Worship,7Ee6XgP8EHKDhTMYLIndu9,78,2023-05-19
Thank You (Not So Bad),Dimitri Vegas & Like Mike,09CnYHiZ5jGT1wr1TXJ9Zt,82,2023-12-01
Tip Toe,HYBS,0MJ5wKsPEeihONNfugHGy7,74,2023-06-20
run for the hills,Tate McRae,51hyZpbJlIgZIaX3TtMxmu,83,2023-12-08
You & Me - Rivo Remix,Disclosure,0xoYZ45fgTfyQYREZPN7Sa,80,2023-12-22
Under Your Spell,Snow Strippers,3iRoXGFrF8O0jTul6LAmus,78,2023-05-05
Rainy Days,V,5ydjxBSUIDn26MFzU3asP4,68,2023-08-11
Baby Don't Hurt Me,David Guetta,3BKD1PwArikchz2Zrlp1qi,78,2023-04-06
Lovin On Me,Jack Harlow,4xhsWYTOGcal8zt0J161CU,77,2023-11-10
Seven (feat. Latto),Jung Kook,5Avril3IZ26DPVFHbJX8o6,72,2023-07-14
500lbs,Lil Tecca,6rjuKpPydT2SxN15TZpV7r,78,2023-09-22
Sleepwalker,akiaura,1IPHnu3hVkawJMzkP97tcm,69,2023-06-30
would've been you,sombr,2U7svZUGvR4tfKdyxv9mXu,79,2023-11-17
New Jeans,NewJeans,6rdkCkjk6D12xRpdMXy0I2,78,2023-07-07
3D (feat. Jack Harlow),Jung Kook,6ehWdR7cGDXnT7aKEASJxE,73,2023-09-29
ANTIFRAGILE,LE SSERAFIM,0bMoNdAnxNR0OuQbGDovrr,77,2023-05-01
Standing Next to You,Jung Kook,2VqMBiaxblhhBHyB9X4ESl,71,2023-11-06
lacy,Olivia Rodrigo,6QT6j7rKt7Vk3IuV2AUO9W,81,2023-09-08
love.,wave to earth,5mtTAScDytxMMqZj14NmlN,78,2023-04-20
I AM,IVE,70t7Q6AYG6ZgTYmJWcnkUM,74,2023-04-10
Queencard,i-dle,3xtPQCHJQ3o70PeVAaZSG2,71,2023-05-15
Drama,aespa,5XWlyfo0kZ8LF7VSyfS4Ew,76,2023-11-10
"24/7, 365",elijah woods,05QUYSOApWLr8oBbpONl7p,70,2023-07-24
ETA,NewJeans,56v8WEnGzLByGsDAXDiv4d,77,2023-07-21
IDGAF (feat. Yeat),Drake,2YSzYUF3jWqb9YP9VXmpjE,75,2023-10-06
leavemealone,Fred again..,1MVqeIAwhD4T44AKVkIfic,73,2023-12-08
Let The Light In (feat. Father John Misty),Lana Del Rey,4qG7hWhljsqqENL5PaLA2z,77,2023-03-24
Sleep Well,d4vd,61MhXxcy6MUhrDeHCDE7AP,73,2023-05-26
New Gold (feat. Tame Impala and Bootie Brown),Gorillaz,60SvhHtwefT0e2G7i7kOH3,76,2023-02-24
Prada,cassö,59NraMJsLaMCVtwXTSia8i,80,2023-08-11
Rich Baby Daddy (feat. Sexyy Red & SZA),Drake,1yeB8MUNeLo9Ek1UEpsyz6,78,2023-10-06
Perfect Night,LE SSERAFIM,74X2u8JMVooG2QbjRxXwR8,76,2023-10-27
BATTER UP,BABYMONSTER,3VBj0lzjmhTzVFPEDOjNCG,71,2023-11-27
Vois sur ton chemin - Techno Mix,BENNETT,31nfdEooLEq7dn3UMcIeB5,79,2023-08-04
The Door,Teddy Swims,3dj4wgM3cPeuLwMNHDuBon,86,2023-09-15
Fluxxwave,Clovis Reyes,5XuCHa19u2xLeGa8MJHAwu,68,2023-05-07
Sapna,Bayaan,40jsTy1VmzPMcSZmoLfePv,53,2023-09-08
Stop Waiting,Cigarettes After Sex,5ZP8LfM7TezqoxF9yp6VzX,70,2023-07-18
ONE CALL,Rich Amiri,69phA1R4gmQsBFRQ3INW8C,73,2023-11-17
Reckless,Madison Beer,1Dq5By1yUrOB0zSxhCc5v8,72,2023-09-15
From The Start,Laufey,1Ukxccao1BlWrPhYkcXbwZ,75,2023-05-11
Pink Pony Club,Chappell Roan,6393yGahSJ9slVdOwSxOVR,83,2023-09-21
Lose Control,Teddy Swims,6usohdchdzW9oML7VC4Uhk,81,2023-06-23
Trojan Horse,Dave,2HALQBSAvpw1oCzL5QsrT2,72,2023-06-04
GOOD LOYAL THOTS,Odetari,06tNJ27nVxbDwhiQMChWyr,73,2023-03-15
Virginia Beach,Drake,3eP13S8D5m2cweMEg3ZDed,75,2023-10-06
Dive,Olivia Dean,36vmaZyO0iAE6FZ7287fg2,85,2023-06-30
Promise,Laufey,08PdFBcXzpkn1cWNgmKqhn,79,2023-09-08
You’re Gonna Go Far,Noah Kahan,4nHJcUtNSUVjXRnjdP29Bk,80,2023-06-09
"Eve, Psyche & The Bluebeard’s wife",LE SSERAFIM,4QhnNyKDsAkXPwHkSnuc89,73,2023-05-01
Oscar Winning Tears.,RAYE,0iO2iCAjtX0t5duvczNQt6,77,2023-02-03
Push Up - Main Edit,Creeds,3AjSfp5FDvwtMU9XBsbS8j,76,2023-03-31
So Far So Fake,Pierce The Veil,3fWibgdtgIie6LKTZ2rUoI,82,2023-02-10
"Soweto (with Don Toliver, Rema & Tempoe)",Victony,2rDtfPMI5mDJVTwYYG00QI,72,2023-03-22
Casual,Chappell Roan,3WSOUb3U7tqURbBSgZTrZX,80,2023-09-22
Fighting My Demons,Ken Carson,2c7sRekhMGlj7u1WIIzoQu,72,2023-10-13
Mwaki,Zerb,5KTZgG84bKFGm53lhLtTqc,72,2023-10-27
Rush,Troye Sivan,4ZnkygoWLzcGbQYCm3lkae,76,2023-10-13
Deep Sleep Brown Noise,Bits & Noise,0B97qFqGUnLvV2tXZpXfxf,81,2023-06-02
LET'S GET FKD UP,Alok,0iB5f04XdJ2tcfhoVkeLV8,75,2023-11-17
Stumblin' In,CYRIL,0h3Xy4V4apMraB5NuM8U7Z,81,2023-11-10
Best Time,Brent Faiyaz,1zgHn1EqUyA0HqNYMdJ5ia,75,2023-10-27
D-Day,Agust D,22W6wI4hDTjMAYKKBQW9dU,67,2023-04-21
Let Me Go,Daniel Caesar,3ym8ajVmKm6Fybgov3WBI5,76,2023-04-07
MONEY ON THE DASH - SPED UP,Elley Duhé,086THPnabbu1zfDjRsxpoN,73,2023-01-20
bad,wave to earth,6H67gFuycHyTOROX2M4bbs,75,2023-04-20
UK Rap,Dave,2VjOTvl50tscmc0RDjPdr2,69,2023-06-04
EL RELOJ,Blessd,7e5QmPfjLZOaJ6KjesymaZ,13,2023-07-27
Invéntame,Carolina Ross,2A38KqIEGat7QZ1phrqtj3,13,2023-01-08
MONACO,Bad Bunny,4MjDJD8cW7iVeWInc2Bdyj,80,2023-10-13
Worth It.,RAYE,7JgNAnCjJvL8hBR1kmCOFF,81,2023-02-03
The Rapture Pt.III,&ME,200DiJQhDi69nkGXOrrJgn,69,2023-06-09
Dance The Night,Dua Lipa,11C4y2Yz1XbHmaQwO06s9f,68,2023-07-21
Boyz In Paris (with VINAI),Marnik,17NHXI2CJp7KgdcwcDnRx4,75,2023-07-28
Wish You The Best,Lewis Capaldi,3gdPwk2wyOXNRnTA1KXnEr,76,2023-05-19
1+1,Naïka,3WID8m6M9eEQ1w1k486vMc,66,2023-09-01
stellar,.diedlonely,2PpYJcgJN6PzozUv7rU669,68,2023-06-23
I Remember Everything (feat. Kacey Musgraves),Zach Bryan,4KULAymBBJcPRpk1yO4dOG,85,2023-08-25
Back On 74,Jungle,19kHhX6f6EfLU7rcO3RqjO,79,2023-08-11
Just Your Doll,Snow Strippers,18n0voG6fG03ogJznGiyWD,72,2023-11-15
Overdrive (feat. Norma Jean Martine),Ofenbach,3bK1zVFBKIzYjmptmI4NsJ,77,2023-10-06
guilty conscience,Tate McRae,2wIcebwzceIwgonsDICx6P,77,2023-12-08
Love U Like That,Lauv,3rmqiQbzPDx7A8p88IRFKg,67,2023-08-04
Red Wine Supernova,Chappell Roan,7FOgcfdz9Nx5V9lCNXdBYv,79,2023-09-22
The Hardest Part,Olivia Dean,3cPoiK69oQ1SdbB2j2ulGm,83,2023-06-30
GMFU (w/ 6arelyhuman),Odetari,4D1k6x4MXTaSnljSvAXhaf,72,2023-07-26
(It Goes Like) Nanana - Edit,Peggy Gou,23RoR84KodL5HWvUTneQ1w,75,2023-06-15
Rock My Body,R3HAB,6pb5DtlAeG95dNQLHiArRU,71,2023-04-28
Dial Drunk (with Post Malone),Noah Kahan,22VHOlVYBqytsrAqV8yXBK,77,2023-07-18
踊り子,Vaundy,1YXot2MLAG9sttepCtBRM7,71,2023-11-15
Rainy Days,V,54bg1e6ABcZfpU3yzwxnPf,62,2023-09-08
GOSSIP (feat. Tom Morello),Måneskin,44Xyja7xYPlVC6v2CeweSi,74,2023-01-20
HOT TO GO!,Chappell Roan,3j6CeoBBlm40Msn1JE1SPD,78,2023-09-21
When Will I Be Alright - Acoustic,Ed Sheeran,6BY9cn4Agv8d5ykOpH6Uio,12,2023-10-26
Rindo À Toa (Tudo Vira Reggae - Ao Vivo),Maneva,2cEjUebxYbXS4YrCWmfRxb,12,2023-09-01
"You Make Loving Fun - Live at Studio Instrument Rentals, 1976",Fleetwood Mac,3rBH1c0MYGKHKqyZiyJ8xP,11,2023-08-08
Best,Gracie Abrams,5HO2RD12vZ5NcIdAULo43M,68,2023-06-16
Beso (Fruta Fresca),Wakyin,0r3nMF80NSIuPIxeod4aoG,72,2023-12-13
In This Darkness,Clara La San,0bmVH05tjN9jVh3kB1TfpR,78,2023-01-29
Mrs Magic (Strings Version),Strawberry Guy,4iVj0UxqLlgrFWNdOnCwFS,75,2023-10-04
UNAVAILABLE (feat. Musa Keys),Davido,2kaH2Z8ezDUKf6fNw250rZ,68,2023-03-30
Nun id change,Yeat,00zk0uua6s2ifh0Nc3ppfW,68,2023-02-24
Let U Go,lucidbeatz,40TZnaw4eDPChJNHw2Swf3,69,2023-01-08
From the Start,Good Kid,6BJHsLiE47Sk0wQkuppqhr,75,2023-11-10
The Boy Is Mine,James Mac,1aRd5tMVhiRyMJLmSOg2IF,67,2023-06-23
Sweat,DJSM,5SzPoxOGAl1mGWsT36KLcC,68,2023-10-05
BABY SAID,Måneskin,2KReCz1L5XkGIBhDncQ5VZ,71,2023-01-20
"Baddadan (feat. IRAH, Flowdan, Trigga & Takura)",Chase & Status,2ZWmmrWUgDBcPSLihBMvhg,71,2023-07-27
When We Were Young (The Logical Song),David Guetta,1CcLA0eaauck34YEIrvAAq,73,2023-11-10
Love The Hell Out Of You,Lewis Capaldi,2qyeAiFswWB2PmYhdeObTP,73,2023-05-19
Lost Angeles,FRIENDLY THUG 52 NGG,11gTRcdz4wK32fghA2vrX7,63,2023-11-03
People (feat. Ayra Starr & Omah Lay),Libianca,4AxG1T6UJJ4xCX4Wz6JDLG,68,2023-03-31
Fast Car,Luke Combs,1Lo0QY9cvc8sUB2vnIOxDT,82,2023-03-24
LUNA,Feid,7bywjHOc0wSjGGbj04XbVi,84,2023-12-01
Levels,BigXthaPlug,6vOeokRJNZjouabFGDLH1C,78,2023-02-10
Last Night,Morgan Wallen,583dMdiUquLMenarTp7PQm,82,2023-03-03
Mmhmm,BigXthaPlug,4QTlxavdQGUVitxAvQqqkU,79,2023-12-01
TQG,KAROL G,0DWdj2oZMBFSzRsi2Cvfzf,80,2023-02-24
LALA,Myke Towers,7ABLbnD53cQK00mhcaOUVG,78,2023-03-23
Like Crazy,Jimin,58BWnoFDNaeM0vwA0K3fqb,63,2023-03-26
Perfect Rainy Green Noise,JBE Noise Factory,7vfumRcj1Ga69SEulVaFQJ,73,2023-03-02
Amiga Mía,Joaquina,4dSHVWS54hKCx4uWF1vc1g,10,2023-03-15
"Kree Needale (From ""Captain Miller"") (Telugu)",G. V. Prakash,5WumUIJFsl82TFNySVuVjZ,0,2023-12-23
Meet you at the Graveyard,Cleffy,2vXSHAPCNpWZ7DNFDkEDMz,73,2023-10-06
La Morocha,Luck Ra,7aPsseax6rNFyipHn9A5CR,73,2023-07-07
scars,Novulent,016z46SJwcRosW9Xb8JKmF,66,2023-06-19
Lost Soul 2.0,cankick,2wa0uPo9FQxehS7pdbOubt,65,2023
Seya,GIMS,7movuYyQGEyHSniEWtsFMp,71,2023-01-01
Columbia,Quevedo,0uqt3MShCD4uYCIRNm6d4o,80,2023-07-07
Sladki Snov Rapper 2,FRIENDLY THUG 52 NGG,1lx65Q3Vfy8NsfaA5DXUcJ,61,2023-11-03
Hate.,ThxSoMch,2XynYulas10Wmef4Gqrxw9,71,2023-02-14
Not Fair,Niklas Dee,0JZ1ABjN8q7TNwMP39NjvU,70,2023-06-02
PROVENZA,KAROL G,3HqcNJdZ2seoGxhn0wVNDK,81,2023-02-24
Tacata (Remix),Tiagz,7LLBONqWyX3MoBvIVPu5fj,73,2023-12-22
I Wait for You,alex_g_offline,7EDcAz6iuKSkxH4VcC3Oko,75,2023-07-09
Back On My BS,BigXthaPlug,7hrFCoyWwKep7qp1lP4oga,75,2023-12-01
PERRO NEGRO,Bad Bunny,7iQXYTyuG13aoeHxGG28Nh,82,2023-10-13
LEFT RIGHT,XG,3v5o91PrUtf0nmO6j8J7dZ,69,2023-01-25
i am not who i was,Chance Peña,5uu2OCGGrTRS1sIvlMgKwe,69,2023-09-21
KANTE (feat. Fave),Davido,7vKXc90NT5WBm3UTT4iTVG,71,2023-03-30
My Home,Myles Smith,4ZEw5uS9RY6M6lEjsu7w8Q,73,2023-10-13
El Merengue,Marshmello,5KbBVSj6AJZ5662fO8EYFh,77,2023-11-03
All That Really Matters,ILLENIUM,6cLrGfKIIRHYQw7S0mCDhA,75,2023-04-28
If You Don't Want My Love,Jalen Ngonda,4A48ckONJNoXU5smWT9CeG,76,2023-09-08
勇者,YOASOBI,0YTM7bCx451c6LQbkddy4Q,68,2023-10-04
scars,Novulent,0ENO8Pu1riZdUdYEErLA8z,70,2023-10-14
La Bachata,Manuel Turizo,3tt9i3Hhzq84dPS8H7iSiJ,79,2023-03-17
Perfect Calming Fan,MKG Sound Library,2cACLijsYA7940SY1w57O9,70,2023-02-18
MOJABI GHOST,Tainy,46YjJXVXWHlQ21odKktg5e,81,2023-06-29
na Circus,FRIENDLY THUG 52 NGG,6zu98XBex3ksqNSlqJp8jh,57,2023-11-03
DILUVIO,Rauw Alejandro,2kz1YOhJiNubjigR1gB1VX,79,2023-07-07
沉溺（你让我的心不再结冰）,邹沛沛,6NtVX4qwWMmAtNFaG485iq,65,2023-03-29
LIPSTICK,Kai Angel,2uvSRylSRMfGCTVlwUAp30,56,2023-02-17
Break,alex_g_offline,4Rsv5fRmgTH88RLp7xN5sz,73,2023-07-09
WHERE SHE GOES,Bad Bunny,7ro0hRteUMfnOioTFI5TG1,75,2023-05-18
Kyoto,Omar Courtz,7eNwwoxDR8KVzNAuGvliAO,79,2023-07-14
Vampire Empire,Big Thief,4SwSpxsOYtnEaRxWtYrnvZ,75,2023-09-13
AMARGURA,KAROL G,505v13epFXodT9fVAJ6h8k,82,2023-02-24
Where the Wild Things Are,Luke Combs,0eBFgRxyVSeuT4iyrbukdn,82,2023-03-24
BESO,ROSALÍA,609E1JCInJncactoMmkDon,76,2023-03-24
Charm,Rema,1iBWjQ9af9NnUd5xnQDB3k,68,2023-04-27
Todos los Besos,Siloé,2vSJKKmOEJQA5tr082p5XX,67,2023-10-27
METAMORPHOSIS 3,INTERWORLD,3J5y9v6vK5ginTnMroJ1Nn,57,2023-04-14
TryToFriend,FORTUNA 812,7vD6fJg66dEzbYXVvEyQCh,60,2023-12-18
Texas,BigXthaPlug,7j7ud2oFTJ8BjmeI8bjkQm,77,2023-02-10
Psycho Dreams (Sped Up),Kill Eva,6yt46G7lWn0oC2FEZZDsi6,65,2023-03-17
Cowgirls,Morgan Wallen,4mtmmBBEgdJLYWnLy5zvWE,81,2023-03-03
"Shakira: Bzrp Music Sessions, Vol. 53",Bizarrap,4nrPB8O7Y7wsOCJdgXkthe,75,2023-01-11
greedy,Tate McRae,4kfSXPK13aXkLzuz02hCSC,66,2023-12-08
If U Need It,Sammy Virji,5CaUUACiQFEf4zR5WoeIrp,72,2023-11-03
QLONA,KAROL G,5RqSsdzTNPX1uzkmlHCFvK,79,2023-08-10
Sip (Alcohol),Joeboy,4s6x56uNiNCAA87yzqTz5G,64,2023-05-19
Bedtime Serenade for Little Ones,Musiscape,1kugDGBrWgWwZomAAtYvnB,70,2023-07-27
Naam Babe Ka,Armaan Malik,5Q24OsUrDl43dHFChnIwcb,0,2023-09-06
Friesenjung,Ski Aggu,6tAKikIvnoWfUeZrfkopLL,66,2023-05-25
Drowning,WOODZ,4xeugB5MqWh0jwvXZPxahq,65,2023-04-26
El Principio de algo,La La Love You,6tZI1nTl6m40HG5Rs7QuHL,69,2023-05-05
Rara Vez,Milo j,7MVIfkyzuUmQ716j8U7yGR,79,2023-02-08
NO ME QUIERO CASAR,Bad Bunny,39L3LdlHS3gqB62HPWaJRg,79,2023-10-13
To. X,TAEYEON,2gyCwrOcC6JBoaJ8JGJ7T8,63,2023-11-27
MIENTRAS DUERMES,Junior H,4e76Ss3ji7HQZ4qwcPNkNA,85,2023-10-05
Ngozi,Crayon,5mhM7bfzv52bzfCzlq8vH1,64,2023-07-21
La Salvación,Arde Bogotá,0txzIz1WcoAn6m07xypcD5,68,2023-05-12
Tá OK,DENNIS,0fABszUFNbNq9IW503Gj8v,66,2023-05-04
LA FALDA,Myke Towers,7iUtQNMRB8ZkKC4AmEuCJC,76,2023-09-18
El Merengue,Marshmello,51FvjPEGKq2zByeeEQ43V9,73,2023-03-03
Holy Forever,CeCe Winans,45UENol7XHzhtasaMlCXVf,64,2023-10-06
Cough (Odo),Kizz Daniel,3nT2nrfb3FMLg03W4mPaBl,64,2023-07-27
Thinkin’ Bout Me,Morgan Wallen,4Sb8neYCkT7lyMIo2kOOEC,79,2023-03-03
LOKERA,Rauw Alejandro,1aUq8rjW1EwkAkMri4VfJy,78,2023-01-24
UNA NOCHE EN MEDELLÍN - REMIX,KAROL G,0GJwUAlBMJTbY4VE7iE761,76,2023-08-10
Ladies Room,Olivia Dean,0M7oki70AV10Ztt3HyUd8Z,75,2023-06-30
"Si Me Necesitas, Llámame",Siloé,4DEdfr4plBy97DH4YPg4At,65,2023-10-27
Барыга,madk1d,6XtNoK9E4N4LUtAsAgO5eA,57,2023-07-16
ОГНЕЙ,SALUKI,7dSZxvzWsHetfmPwXeLQlu,50,2023-04-21
Legit Check,FRIENDLY THUG 52 NGG,0xx6wsjApOtjqEBF3xeSG7,55,2023-11-03
All My Members Are CEO,FRIENDLY THUG 52 NGG,4RZh3IZ3rPWLsUUyTXiMVd,54,2023-11-03
Calming Clouds of Slumber,Musiscape,6aPl2RJPJvSeEoinAQfvzi,69,2023-07-27
Brown Noise Therapy Loop For Sleeping (Loopable no fade),Dream Supplier,4iuau93DIXte8XjntHxfQJ,80,2023-08-01
Veeran Pirakkanu,Shaan Rahman,2HNpgzjykJYtoW8ZfJVxk0,0,2023-07-21
Esa Estrella,Siloé,53lHv1tpSnWm7UahKWUbVO,63,2023-10-27
LAS NOCHES,Junior H,0uQhDYHyoZe5DpncrPolb6,83,2023-10-05
VOLVER,Tainy,3Bp0XlRQv0URQMM6ABKhEE,70,2023-06-29
'Cause You Have To,LANY,1GZnoLPpR9p2CwclsZnOXD,74,2023-09-29
PIÉNSALO,Junior H,4ZOkfHC38nxSeSqzGE5HFr,84,2023-10-05
We Fell Apart - Slowed,ANGUISH,2vsFAkp6P14vOjvmLdnBkb,69,2023-07-25
FINA,Bad Bunny,3nNmRE0DxHC6ZaKkrpUumS,75,2023-10-13
Vagabundo,Sebastian Yatra,1MB8kTH7VKvAMfL9SHgJmG,75,2023-05-12
Manos Rotas,DELLAFUENTE,3BFh8rR6aMexy7ELu2UQy3,70,2023-11-16
lo que hay x aquí,Rels B,5IlLm20JXhKbMtsH20NblC,76,2023-03-09
Would You (go to bed with me?),Campbell,2N8gR2yftrHbZR53U5kYnX,65,2023-07-21
Прощание,Три дня дождя,1nginMHZwOYjtYDndhCeY2,56,2023-10-20
Lonely At The Top,Asake,5ZtK8XAVnoaGdBXZWCEVCY,70,2023-06-15
Que Merezca la Pena,Siloé,57YBT0mbIqGTHbTolngDj4,64,2023-10-27
VISTA AL MAR,Quevedo,3aVC2o93aAvQxCSAPlj9Uo,74,2023-01-20
Где ты теперь и с кем,Basta,7zKRBfhF6CABVsc8b1spJ0,62,2023-04-21
Y LLORO,Junior H,6RcAHyC5sAUIbPTkhOQwd8,84,2023-10-05
ты любишь танцевать,CUPSIZE,0nukg1QtwhP7jBbmeFKoiT,58,2023-09-29
The Love I Lost,Fried By Fluoride,5v2wBVnZ8Wdj1qwIqhcVw2,69,2023-07-14
La Bebe - Remix,Yng Lvcas,2UW7JaomAMuX9pZrjVpHAU,77,2023-03-17
Según Quién,Maluma,4bw8mcDUSRWfQo63ZTYRnU,78,2023-08-25
Sold Out,FRIENDLY THUG 52 NGG,1bpxWHaT6N8gD2k1TvhJYt,54,2023-11-03
"Устал, беги",T-Fest,4johxKfdxNMXE6ZbnxPilW,52,2023-08-18
Bailando Bachata,Chayanne,2dK99lWPkBVwNen6gK1AtI,77,2023-10-27
CLASSY 101,Feid,1hZsWUnLbqRw09jLAMQSsb,75,2023-12-01
Darling,Keina Suda,2OWSerfBOAqGYIPXTsE7kY,7,2023-01-25
Só VVamo,Marvvila,4DfPTZE3bZOvMiGgMMcRWT,7,2023-11-30
"Aathma Nesar (From "" Yaadhum Oore Yaavarum Kelir"")",Nivas K Prasanna,0lSLgmFQ0y4v78O3weAhu1,0,2023-05-20
M.A.I,Milo j,35ttE4t8lQZA2vuCYDg4G7,77,2023-11-30
X SI VOLVEMOS,KAROL G,4NoOME4Dhf4xgxbHDT7VGe,75,2023-02-24
Si Supieran,Serko,0wpMKiXORO28u3C439Qj5C,66,2023-08-24
NUEVA VIDA,Peso Pluma,4Nf5EZ40JenjMUKXOiyRU5,80,2023-06-29
HARLEY QUINN,Fuerza Regida,6CvTEtGagmzQvkUzzyKR9k,76,2023-10-20
Me & U,Tems,4nFrcGM7MY1mpoQCC7Kefj,66,2023-10-05
Coco Chanel,Eladio Carrion,0PB0O24JqAuNdOAFVJljMS,73,2023-03-17
El Cielo,Sky Rompiendo,4PA1wK0leCjmRZlP5dQ8Lv,74,2023-06-02
INTERNET LOVE,IVOXYGEN,7GBN1M5T3wF901JTiIDxwb,58,2023-10-27
Daytona,Cris MJ,2kvpHbQHp9QmcG9WhyLwco,75,2023-11-09
Reggaeton Champagne,Bellakath,7yIIeKUxTpn36X6CFJhgEi,67,2023-10-05
СЕЙЧАС,NEWLIGHTCHILD,4oi4zOkiJ0x2D9WTTbrPWI,55,2023-07-21
FEEL,Davido,1mk8ZC9OeTZMr8Wy31LqRj,65,2023-03-30
6AM в Будапеште,OG Buda,788Sc88rcCe1GWVZ3ofJKQ,51,2023-04-21
Haunted House,Aarne,7qqOfLRbZ4MzcfxHSEvw6x,52,2023-10-27
Primera Cita,Carín León,3fJHbMUnzceimOnNjp63fF,81,2023-05-19
Qué Vida Tan Dura,Arde Bogotá,7pyilq0260Oo6cATaqsI7F,62,2023-05-12
DONDE SE APRENDE A QUERER?,Mora,0sfk352FO8bJUjWjIsyzSR,73,2023-08-28
Kool Aid,Royel Otis,2HKDVLcHYBD8asWWttLU3W,70,2023-03-31
Chemin d'or,Werenoi,5kfAx6phDHPpz5g8IAPyc2,72,2023-03-09
PLAYA DEL INGLÉS,Quevedo,3y33vvSSP8dNie0hDK4CvF,70,2023-01-20
Поезда,Женя Трофимов,3DoKepDy2hXhtWizxMszJS,55,2023-11-28
PUNTO G,Quevedo,1fcP2ZJG2ouG99iU2nI6HT,72,2023-01-20
last breath,Øneheart,6E2h4qMO2CSXlWxE43bd9Q,58,2023-01-27
PERO TÚ,KAROL G,1dw7qShk971xMD6r6mA4VN,74,2023-02-24
How I'm Feeling Now,Lewis Capaldi,6XQrdGPb5G54RiYq3Y0QHY,7,2023-04-04
Dillo Alla Luna - Live XXIII,Vasco Rossi,4fTO8WC5j1TiCxJFMXmkps,7,2023-06-23
RÁPIDO,Mora,6peVAUzSxDlTigQw5T99O5,70,2023-04-27
Enzaciao,Clarent,0h0mWHM5SkpS9rcmGyBoox,70,2023-09-21
"Юра, Юра",CUPSIZE,60rhfD30Cpfj4SY5A7ft4Z,57,2023-12-22
TELEFONO NUEVO,Bad Bunny,01ppKlDRCmPpusO3yNrSRY,72,2023-10-13
Jealousy (feat. Leemckrazy & Ceeka RSA),Khalil Harrison,6OGNF7mro80pMi5q1HhylS,67,2023-11-17
CRUSH,Sky Rompiendo,1mAUVEQWn2PRxWnRhQreBo,71,2023-10-26
Nine Ball,Zach Bryan,3xOi0YhDREKRURFHoNaAOQ,80,2023-09-22
fantasmas,HUMBE,16OhThzklXn3xI3iNzcIus,77,2023-11-17
緊急聯絡人,Gareth.T,1sb71AvysPMJlsx4qYtTpG,61,2023-11-30
HIBIKI,Bad Bunny,4qSEvFGCpde73gqIuq3sho,72,2023-10-13
Ms. Jackson,Pashanim,3ilgxZl5g7MOQCUiky3VOG,70,2023-08-24
Feel Good,Charlotte Cardin,6PcVlezWXunO2Bh78iEq0W,66,2023-09-15
OA,Anuel AA,6gMj2DzKR2PjrrbNSwcGFR,71,2023-10-13
SIN SEÑAL,Quevedo,7rbhAG5BdshS9YJ86J2Dd7,69,2023-01-20
Fall In Love,Bailey Zimmerman,0rCFRyEy4WXjRXNpO80Dzs,79,2023-01-11
You Proof,Morgan Wallen,57a4iloBWqan5rtqPJBoVY,76,2023-03-03
ASPHALT 8,MACAN,0ndWY0kASiq9s2Fx76W4Jq,57,2023-03-31
Скажи мне кто ты,xxxmanera,2HXibC9aNdZS33vWEZ9iw2,54,2023-03-10
REINA,Mora,0QRHOAeU8JRaVVn3UoZBih,68,2023-08-28
MI EX TENÍA RAZÓN,KAROL G,54zcJnb3tp9c5OVKREZ1Is,77,2023-08-10
Rock and A Hard Place,Bailey Zimmerman,1TE8AAk9koG0UJco6ZAUfx,78,2023-01-11
F*CK OFF,NEWLIGHTCHILD,20RfU5hvTEAWHqUT9bpJsO,53,2023-12-15
Для Тебя (Пусто),OG Buda,3qCPpBdgNJf1xG9t8O2pjJ,50,2023-04-21
"люби меня, алина",CUPSIZE,2w0VyjxphvyEPY9qYIFstk,54,2023-01-27
Малиновый рассвет,Endspiel,1GS1TAA8zc5oGiYE1z9Q53,61,2023-08-25
FBI (feat. Paty Cantú),BRUSES,1X3sYftJzMgB5j3q3a1ST6,7,2023-06-09
"Agradeço (Ao Vivo, Brazil 2023)",Paulo Cesar Baruk,4Q6R9g5SOYarHMh72twSCh,7,2023-12-15
Adicto (Amazon Music Live),Anuel AA,2MzW6U78JTlivJ0foowC0P,6,2023-02-23
un x100to,Grupo Frontera,6pD0ufEQq0xdHSsRbg9LBK,75,2023-04-17
XXL,LANY,3l1grOhgJQG4E1E2MjfHWG,71,2023-09-29
MR. OCTOBER,Bad Bunny,1ODFVLQszq0hCOdZtqV5wq,72,2023-10-13
Kiss Me,Dermot Kennedy,1ELMCVbADOtZj8tYdS01nI,68,2023-06-07
THUNDER Y LIGHTNING,Bad Bunny,4pcafPzLDSqQktqSpxHL3E,70,2023-10-13
Bailando Bachata,Chayanne,0nKu6ysQjldXxABnxMu7kL,71,2023-05-25
MiMiMaMaMu,Exile,476dvxGAAmX276frToEqcy,54,2023-05-26
до сих пор,MAYOT,4dNt3e3Uk3Li6Mf0Fha5cp,52,2023-07-28
SEDA,Bad Bunny,1YnChEM51BVZ5dRhbVFEMl,70,2023-10-13
Casanova,Soolking,30D9x5LFgL2o9xidjX2wtE,66,2023-07-06
Mia,SEYSEY,6CRb7rnmx8Mqrb8cpixcVi,71,2023-06-23
TRES BOTELLAS,Junior H,2CshODtf7iwe3pKlPmEWF5,80,2023-10-05
Ven Bailalo (Reggaeton Mix),Angel Y Khriz,5FThh5HSLORWCw9edEIdW5,75,2023-04-01
瞬,郑润泽,3FLR0AnSpUYPDlDCaSqsXc,64,2023-07-17
целую тебя,CUPSIZE,7hrAs40pKmU5eBzbKAJp3A,55,2023-09-29
唯一,G.E.M.,6ENf77i5DmXDimXle5Ux3C,62,2023-09-24
Komet,Udo Lindenberg,7oQepKHmXDaPC3rgeLRvQu,67,2023-01-19
Algo Sencillito,Marta Santos,3bE8SznOXJ990MK1ElQnfr,65,2023-10-05
Amor,emmanuellcortess_,6r6IPuFvUX72kQGc9b46rk,81,2023-07-28
ROCKSTAR,Junior H,6YOfGIE6iFxC7G8OlGGvzW,80,2023-10-05
Вирус,CUPSIZE,6qEMiqaByG1zQ3e0UaLcR7,52,2023-01-27
LADY GAGA,Peso Pluma,7mXuWTczZNxG5EDcjFEuJR,78,2023-06-29
Tennessee Orange,Megan Moroney,6DLbBlGIOjjEj0dNN25zhZ,76,2023-05-05
Lo Siento BB:/,Tainy,04x1x0L8BYyIv1XlcJxWfi,73,2023-06-29
WHERE SHE GOES,Bad Bunny,2sTDlCxmuZCTDKKk9f1qus,70,2023-10-13
CYBERTRUCK,Bad Bunny,4Jc7252S1P99DjQ1lNGEOc,71,2023-10-13
PASIEMPRE,Tainy,3KEtYxU8b1gZMbsY9Jlpqd,70,2023-06-29
EXCESOS,Fuerza Regida,6UtWwuheJr5LLDeVypPNx7,79,2023-10-20
MERCEDES CAROTA,Bad Bunny,3TYOH7ta0101NYssoH5GlU,71,2023-10-13
Santorini,Beéle,2FVSQR0FXAIBkPtkkIMigS,70,2023-07-06
在加納共和國離婚,Firdhaus,6GyUt7yJ0sOktc5HjvVnFh,65,2023-08-14
+7(952)812,ALBLAK 52,74JfQsOBIs7z4y6jDrbDmh,51,2023-07-07
NADIE SABE,Bad Bunny,23d8v6tU6lR77pFKsApMtF,71,2023-10-13
MIENTRAS ME CURO DEL CORA,KAROL G,6otePxalBK8AVa20xhZYVQ,75,2023-02-24
Вампир,Scally Milano,7p62Jtx8nlvgQXYawhzIcI,52,2023-10-06
Petit génie,Jungeli,1eldTykrnkEBLX41bk5eMw,66,2023-08-04
Somebody's Pleasure,Aziz Hedra,3e1rs346dsDDwpqTRGlRZR,72,2023-01-27
Vielleicht Vielleicht,MilleniumKid,559mLg44MrcA7JzYGbpXfL,67,2023-10-20
Los Perros,Arde Bogotá,15zPjWfZ6eUFMaL4aD5Gp8,60,2023-05-12
aklına ben gelicem,BLOK3,3ZwRkdnTb4az8X5n4WXuHA,75,2023-09-22
Los Lugares Donde Irás,Hey Kid,4p1C7lssRJgOkdpPWlb6s1,64,2023-09-29
Хочу быть с ней и всë,урал гайсин,3kUbyrIRk26bdIVau5TU5X,53,2023-12-08
Unendlichkeit (Remix),MilleniumKid,4oodd2Z1U6Xg5tWMiUb3DN,69,2023-09-22
Party No Dey Stop (with Zinoleesky),Adekunle Gold,49ytLGEP5S20N3AhB5YuwJ,65,2023-07-28
El paraíso,Mikel Izal,3bfWKKCwSHSZB2QhfiRC3Z,60,2023-11-03
Regalo De Dios,Julión Álvarez y su Norteño Banda,51qYdMBxt9mFbtZBzq1Yfi,81,2023-11-17
Sugarcane - Remix,Camidoh,6NuG2JgERZZXvvjmtjOFix,60,2023-06-02
princeofscale,FORTUNA 812,6ZeLntDg0f0Jrdzgg8YBQy,53,2023-12-24
Я схожу с ума,CUPSIZE,2MR7X1bnMqbauKtq1NREIw,53,2023-12-22
Холод,shadowraze,4jiwxqE1yye4hzG5CpNcUH,54,2023-08-25
DE CAROLINA,Rauw Alejandro,6J3kt4eAqRffh5lBuHJJSO,68,2023-01-24
这是你期盼的长大吗,ZQS,3AKYofM0vFekNthGbpjMpN,65,2023-11-08
ACHO PR,Bad Bunny,1C7lXfx4Y5maVl4AgUVlHA,70,2023-10-13
VUELVE CANDY B,Bad Bunny,3mRF0YNsDdFKFnxwg16hSz,69,2023-10-13
We Ride,Bryan Martin,72kGuWpRiuA149Bn5lDkIO,75,2023-03-31
PARANORMAL,Tainy,2ynaxymuvgAHsRBOqE4XEq,71,2023-06-29
Tormenta (feat. Bad Bunny),Gorillaz,38UYeBLfvpnDSG9GznZdnL,69,2023-02-24
UNA CERVEZA,Fuerza Regida,0lbDzTINTToToBpkrnQT2t,78,2023-10-20
Los del Espacio,LIT killah,1Hs1uUl8o2VtDp1DABFq0O,71,2023-06-01
Solo tienes que avisar,Dani Fernández,1jBpV5GsI38iowXMA1TmjY,60,2023-07-21
Дай мне посмотреть,Heronwater,0AcdiVDCvRifvhSKgzWEer,50,2023-06-16
morena,Beéle,4RPeZbmVON5ZKT5HC9wALt,72,2023-11-09
La_Original.mp3,Emilia,6Es8Sk3xe1HiJ2MXCfHHwR,69,2023-11-03
WANDA,Quevedo,3FFMEWwqmcTHOY8Il2uVUP,68,2023-01-20
ALL IN (Lieblingslieder),Fäaschtbänkler,3VIEbpdr64a1mNSa8MqBAm,68,2023-01-15
BABY NUEVA,Bad Bunny,3NhstUmrlhaN1M6hP8zMbb,71,2023-10-13
ВМЕСТЕ,Aarne,6SLQAw25RVkqWr4W5X6vG7,51,2023-10-27
Nouvelles,PLK,7d391WfC0HtftRcetDFQUy,70,2023-04-13
Me Sabe Mal,MARLENA,5hcPfsdrll5xNkY8W2kxhn,61,2023-01-27
World on Fire,Nate Smith,5ya0TmUQw2wHMkq36rPsnd,74,2023-04-28
IVL,MACAN,0uNlsRmW2hrU5UKtBMZE7A,58,2023-05-12
Formentera,Aitana,3rWWF7X1dmciBHxZ9Yizs1,65,2023-09-21
Hässlich,AYLIVA,3an1JVi8OsE0aG6dMS4Pes,67,2023-08-25
FERXXO 151,Feid,2Cl4HCBmPddQNZEncdoXp0,71,2023-09-29
Царица,ANNA ASTI,3lihRqGfICVkJtkpUoRwfL,57,2023-09-29
No soy Eterno,Bizarrap,0aPs3kmiqmt9QG7gWXdefA,75,2023-10-04
Dawns (feat. Maggie Rogers),Zach Bryan,42TtHTxWk782ZBiqyOi2d1,74,2023-01-27
Te Cantaré,Serko,1AkbJb3yReh1DgPFcAhSE4,61,2023-05-04
ХОЧУ 18+,uniqe,5x39VMQPsF1wDgLyhUSZYP,48,2023-09-22
BONNIE AND CLYDE - REMIX,iZaak,08s7guLP2nSMxmYqmjf7oV,69,2023-11-03
No Te Quieren Conmigo,Gaby Music,3Cx4BsDd4q0GCVBJ5CAw2K,68,2023-12-15
Sci-Fi,Tainy,3fhYAsNRR99ETnqrBZdAy0,70,2023-06-29
Patadas de Ahogado,LATIN MAFIA,4WefXOf8I4gMjdj2kBJgkl,74,2023-11-02
想你时风起 - 电视剧《我的人间烟火》回忆主题曲,單依純,3oauI35ZN4vrbnr1mhNjf2,58,2023-07-10
POLARIS - Remix,SAIKO,0EhuGnOS6fTc5l5UNtDEH2,67,2023-06-08
CLASSY 101,Feid,6XSqqQIy7Lm7SnwxS4NrGx,70,2023-03-31
Calcolatrici,Sfera Ebbasta,6bN41HjY008ggroMFxNLaa,65,2023-11-17
ITALODISCO,The Kolors,3QAU2pj4LUKf7yaTgANlQV,67,2023-05-05
Need A Favor,Jelly Roll,07on0OB2cdPt79IFsgdRUy,75,2023-06-02
mañana,Tainy,1BT8gWiMLQvN7oPQHS8RSR,68,2023-06-29
Enchanté,Sosa La M,7Mn6Tisa1wVvYusahnvjE5,66,2023-09-15
Madrid City,Ana Mena,6KHxe3Yj8W8oq3zviUvJRe,64,2023-09-29
Laboratoire,Werenoi,7wOgZ1otoKYDvKyQKP1sNZ,68,2023-03-09
bellissimissima <3,Alfa,2qrCResILkL1JFeRBrv3qA,66,2023-05-12
Anche Stasera,Sfera Ebbasta,5WssaPhjCCUFBMk9PpnHYj,67,2023-11-17
Superstar,Sosa La M,2mt6o1jLtGVg5os9UvJsnn,65,2023-07-14
DANCE FLOOR,NEWLIGHTCHILD,6rRiBk0sGq9usYffpRQHU2,50,2023-07-21
Ты хочешь жить / Go Loco,T-Fest,3mGulsw1kpqaGVuxn9qRYL,50,2023-08-18
Yandel 150,Yandel,4FAKtPVycI4DxoOHC01YqD,70,2023-01-13
Tú Con El,Frankie Ruiz,6sRQjwLPdzADXhgZeKy6PQ,72,2023-10-21
